"STATION","NAME","LATITUDE","LONGITUDE","ELEVATION","DATE","DAPR","DAPR_ATTRIBUTES","MDPR","MDPR_ATTRIBUTES","PRCP","PRCP_ATTRIBUTES","SNOW","SNOW_ATTRIBUTES","SNWD","SNWD_ATTRIBUTES","TMAX","TMAX_ATTRIBUTES","TMIN","TMIN_ATTRIBUTES","TOBS","TOBS_ATTRIBUTES","WT01","WT01_ATTRIBUTES"
"USC00182325","DALECARLIA RESERVOIR, MD US","38.9385","-77.1134","45.7","2024-01-01",,,,,"0.03",",,7,0800","0.0",",,7,0800","0.0",",,7,0800","49",",,7","35",",,7","38",",,7,0800",,
"USC00182325","DALECARLIA RESERVOIR, MD US","38.9385","-77.1134","45.7","2024-01-02",,,,,"0.01",",,7,0800","0.0",",,7,0800","0.0",",,7,0800","49",",,7","34",",,7","34",",,7,0800",,
"USC00182325","DALECARLIA RESERVOIR, MD US","38.9385","-77.1134","45.7","2024-01-03",,,,,"0.00",",,7,0800","0.0",",,7,0800","0.0",",,7,0800","44",",,7","29",",,7","29",",,7,0800",,
"USC00182325","DALECARLIA RESERVOIR, MD US","38.9385","-77.1134","45.7","2024-01-04",,,,,"0.00",",,7,0800","0.0",",,7,0800","0.0",",,7,0800","47",",,7","27",",,7","37",",,7,0800",,
"USC00182325","DALECARLIA RESERVOIR, MD US","38.9385","-77.1134","45.7","2024-01-05",,,,,"0.00",",,7,0800","0.0",",,7,0800","0.0",",,7,0800","43",",,7","23",",,7","27",",,7,0800",,
"USC00182325","DALECARLIA RESERVOIR, MD US","38.9385","-77.1134","45.7","2024-01-06",,,,,"0.00",",,7,0800","0.0",",,7,0800","0.0",",,7,0800","42",",,7","27",",,7","37",",,7,0800",,
"USC00182325","DALECARLIA RESERVOIR, MD US","38.9385","-77.1134","45.7","2024-01-07",,,,,"1.20",",,7,0800","0.0",",,7,0800","0.0",",,7,0800","38",",,7","31",",,7","32",",,7,0800","    1",",,7"
"USC00182325","DALECARLIA RESERVOIR, MD US","38.9385","-77.1134","45.7","2024-01-08",,,,,"0.00",",,7,0800","0.0",",,7,0800","0.0",",,7,0800","49",",,7","31",",,7","36",",,7,0800",,
"USC00182325","DALECARLIA RESERVOIR, MD US","38.9385","-77.1134","45.7","2024-01-09",,,,,"0.50",",,7,0800","0.0",",,7,0800","0.0",",,7,0800","57",",,7","36",",,7","47",",,7,0800",,
"USC00182325","DALECARLIA RESERVOIR, MD US","38.9385","-77.1134","45.7","2024-01-10",,,,,"2.80",",,7,0800","0.0",",,7,0800","0.0",",,7,0800","58",",,7","40",",,7","45",",,7,0800",,
"USC00182325","DALECARLIA RESERVOIR, MD US","38.9385","-77.1134","45.7","2024-01-11",,,,,"0.00",",,7,0800","0.0",",,7,0800","0.0",",,7,0800","50",",,7","29",",,7","33",",,7,0800",,
"USC00182325","DALECARLIA RESERVOIR, MD US","38.9385","-77.1134","45.7","2024-01-12",,,,,"0.00",",,7,0800","0.0",",,7,0800","0.0",",,7,0800","53",",,7","29",",,7","30",",,7,0800",,
"USC00182325","DALECARLIA RESERVOIR, MD US","38.9385","-77.1134","45.7","2024-01-13",,,,,"0.70",",,7,0800","0.0",",,7,0800","0.0",",,7,0800","54",",,7","29",",,7","47",",,7,0800",,
"USC00182325","DALECARLIA RESERVOIR, MD US","38.9385","-77.1134","45.7","2024-01-14",,,,,"0.30",",,7,0800","0.0",",,7,0800","0.0",",,7,0800","49",",,7","29",",,7","34",",,7,0800",,
"USC00182325","DALECARLIA RESERVOIR, MD US","38.9385","-77.1134","45.7","2024-01-15",,,,,"0.06",",,7,0800","0.4",",,7,0800","0.0","T,,7,0800","47",",,7","24",",,7","26",",,7,0800",,
"USC00182325","DALECARLIA RESERVOIR, MD US","38.9385","-77.1134","45.7","2024-01-16",,,,,"0.25",",,7,0800","0.0","T,,7,0800","0.0","T,,7,0800","28",",,7","26",",,7","26",",,7,0800",,
"USC00182325","DALECARLIA RESERVOIR, MD US","38.9385","-77.1134","45.7","2024-01-17",,,,,"0.00",",,7,0800","0.0",",,7,0800","0.0",",,7,0800","30",",,7","14",",,7","14",",,7,0800",,
"USC00182325","DALECARLIA RESERVOIR, MD US","38.9385","-77.1134","45.7","2024-01-18",,,,,"0.00",",,7,0800","0.0",",,7,0800","0.0",",,7,0800","29",",,7","14",",,7","21",",,7,0800",,
"USC00182325","DALECARLIA RESERVOIR, MD US","38.9385","-77.1134","45.7","2024-01-19",,,,,"0.06",",,7,0800","6.0",",,7,0800","6.0",",,7,0800","35",",,7","21",",,7","29",",,7,0800",,
"USC00182325","DALECARLIA RESERVOIR, MD US","38.9385","-77.1134","45.7","2024-01-21","    2",",,7","0.00",",,7",,,,,,,"26",",,7","18",",,7","22",",,7,0800",,
"USC00182325","DALECARLIA RESERVOIR, MD US","38.9385","-77.1134","45.7","2024-01-22",,,,,"0.00",",,7,0800","0.0",",,7,0800","0.0",",,7,0800","32",",,7","14",",,7","14",",,7,0800",,
"USC00182325","DALECARLIA RESERVOIR, MD US","38.9385","-77.1134","45.7","2024-01-23",,,,,"0.00",",,7,0800","0.0",",,7,0800","0.0",",,7,0800","39",",,7","14",",,7","25",",,7,0800",,
"USC00182325","DALECARLIA RESERVOIR, MD US","38.9385","-77.1134","45.7","2024-01-24",,,,,"0.00",",,7,0800","0.0",",,7,0800","0.0",",,7,0800","47",",,7","24",",,7","36",",,7,0800",,
"USC00182325","DALECARLIA RESERVOIR, MD US","38.9385","-77.1134","45.7","2024-01-25",,,,,"0.18",",,7,0800","0.0",",,7,0800","0.0",",,7,0800","50",",,7","36",",,7","36",",,7,0800",,
"USC00182325","DALECARLIA RESERVOIR, MD US","38.9385","-77.1134","45.7","2024-01-26",,,,,"0.10",",,7,0800","0.0",",,7,0800","0.0",",,7,0800","71",",,7","35",",,7","64",",,7,0800",,
"USC00182325","DALECARLIA RESERVOIR, MD US","38.9385","-77.1134","45.7","2024-01-27",,,,,"0.00",",,7,0800","0.0",",,7,0800","0.0",",,7,0800","78",",,7","40",",,7","40",",,7,0800",,
"USC00182325","DALECARLIA RESERVOIR, MD US","38.9385","-77.1134","45.7","2024-01-28",,,,,"1.55",",,7,0800","0.0",",,7,0800","0.0",",,7,0800","57",",,7","40",",,7","42",",,7,0800",,
"USC00182325","DALECARLIA RESERVOIR, MD US","38.9385","-77.1134","45.7","2024-01-29",,,,,"0.08",",,7,0800","0.0",",,7,0800","0.0",",,7,0800","46",",,7","40",",,7","41",",,7,0800",,
"USC00182325","DALECARLIA RESERVOIR, MD US","38.9385","-77.1134","45.7","2024-01-30",,,,,"0.00",",,7,0800","0.0",",,7,0800","0.0",",,7,0800","46",",,7","38",",,7","38",",,7,0800",,
"USC00182325","DALECARLIA RESERVOIR, MD US","38.9385","-77.1134","45.7","2024-01-31",,,,,"0.00",",,7,0800","0.0",",,7,0800","0.0",",,7,0800","46",",,7","37",",,7","38",",,7,0800",,
"USC00182325","DALECARLIA RESERVOIR, MD US","38.9385","-77.1134","45.7","2024-02-01",,,,,"0.00",",,7,0800","0.0",",,7,0800","0.0",",,7,0800","42",",,7","30",",,7","30",",,7,0800",,
"USC00182325","DALECARLIA RESERVOIR, MD US","38.9385","-77.1134","45.7","2024-02-02",,,,,"0.00",",,7,0800","0.0",",,7,0800","0.0",",,7,0800","54",",,7","30",",,7","43",",,7,0800",,
"USC00182325","DALECARLIA RESERVOIR, MD US","38.9385","-77.1134","45.7","2024-02-03",,,,,"0.00",",,7,0800","0.0",",,7,0800","0.0",",,7,0800","49",",,7","30",",,7","39",",,7,0800",,
"USC00182325","DALECARLIA RESERVOIR, MD US","38.9385","-77.1134","45.7","2024-02-04",,,,,"0.00",",,7,0800","0.0",",,7,0800","0.0",",,7,0800","49",",,7","27",",,7","28",",,7,0800",,
"USC00182325","DALECARLIA RESERVOIR, MD US","38.9385","-77.1134","45.7","2024-02-05",,,,,"0.00",",,7,0800","0.0",",,7,0800","0.0",",,7,0800","53",",,7","27",",,7","28",",,7,0800",,
"USC00182325","DALECARLIA RESERVOIR, MD US","38.9385","-77.1134","45.7","2024-02-06",,,,,"0.00",",,7,0800","0.0",",,7,0800","0.0",",,7,0800","53",",,7","27",",,7","28",",,7,0800",,
"USC00182325","DALECARLIA RESERVOIR, MD US","38.9385","-77.1134","45.7","2024-02-07",,,,,"0.00",",,7,0800","0.0",",,7,0800","0.0",",,7,0800","53",",,7","25",",,7","29",",,7,0800",,
"USC00182325","DALECARLIA RESERVOIR, MD US","38.9385","-77.1134","45.7","2024-02-08",,,,,"0.00",",,7,0800","0.0",",,7,0800","0.0",",,7,0800","51",",,7","28",",,7","31",",,7,0800",,
"USC00182325","DALECARLIA RESERVOIR, MD US","38.9385","-77.1134","45.7","2024-02-09",,,,,"0.00",",,7,0800",,,,,"50",",,7","30",",,7","45",",,7,0800",,
"USC00182325","DALECARLIA RESERVOIR, MD US","38.9385","-77.1134","45.7","2024-02-10",,,,,"0.00",",,7,0800","0.0",",,7,0800","0.0",",,7,0800","62",",,7","40",",,7","42",",,7,0800",,
"USC00182325","DALECARLIA RESERVOIR, MD US","38.9385","-77.1134","45.7","2024-02-11",,,,,"0.00",",,7,0800","0.0",",,7,0800","0.0",",,7,0800","63",",,7","42",",,7","48",",,7,0800",,
"USC00182325","DALECARLIA RESERVOIR, MD US","38.9385","-77.1134","45.7","2024-02-12",,,,,"0.18",",,7,0800","0.0",",,7,0800","0.0",",,7,0800","52",",,7","46",",,7","47",",,7,0800",,
"USC00182325","DALECARLIA RESERVOIR, MD US","38.9385","-77.1134","45.7","2024-02-13",,,,,"1.00",",,7,0800","0.0",",,7,0800","0.0",",,7,0800","52",",,7","34",",,7","34",",,7,0800",,
"USC00182325","DALECARLIA RESERVOIR, MD US","38.9385","-77.1134","45.7","2024-02-14",,,,,"0.15",",,7,0800","0.0",",,7,0800","0.0",",,7,0800","51",",,7","34",",,7","37",",,7,0800",,
"USC00182325","DALECARLIA RESERVOIR, MD US","38.9385","-77.1134","45.7","2024-02-15",,,,,"0.00",",,7,0800","0.0",",,7,0800","0.0",",,7,0800","44",",,7","25",",,7","30",",,7,0800",,
"USC00182325","DALECARLIA RESERVOIR, MD US","38.9385","-77.1134","45.7","2024-02-16",,,,,"0.00",",,7,0800","0.0",",,7,0800","0.0",",,7,0800","49",",,7","30",",,7","37",",,7,0800",,
"USC00182325","DALECARLIA RESERVOIR, MD US","38.9385","-77.1134","45.7","2024-02-17",,,,,"0.35",",,7,0800","1.2",",,7,0800","1.0",",,7,0800","47",",,7","33",",,7","34",",,7,0800",,
"USC00182325","DALECARLIA RESERVOIR, MD US","38.9385","-77.1134","45.7","2024-02-18",,,,,"0.00",",,7,0800",,,,,"38",",,7","24",",,7","27",",,7,0800",,
"USC00182325","DALECARLIA RESERVOIR, MD US","38.9385","-77.1134","45.7","2024-02-19",,,,,"0.00",",,7,0800","0.0",",,7,0800","0.0",",,7,0800","49",",,7","26",",,7","28",",,7,0800",,
"USC00182325","DALECARLIA RESERVOIR, MD US","38.9385","-77.1134","45.7","2024-02-20",,,,,"0.00",",,7,0800","0.0",",,7,0800","0.0",",,7,0800","43",",,7","25",",,7","32",",,7,0800",,
"USC00182325","DALECARLIA RESERVOIR, MD US","38.9385","-77.1134","45.7","2024-02-21",,,,,"0.00",",,7,0800","0.0",",,7,0800","0.0",",,7,0800","49",",,7","27",",,7","28",",,7,0800",,
"USC00182325","DALECARLIA RESERVOIR, MD US","38.9385","-77.1134","45.7","2024-02-22",,,,,"0.00",",,7,0800","0.0",",,7,0800","0.0",",,7,0800","44",",,7","28",",,7","32",",,7,0800",,
"USC00182325","DALECARLIA RESERVOIR, MD US","38.9385","-77.1134","45.7","2024-02-23",,,,,,,,,,,"49",",,7","32",",,7","44",",,7,0800",,
"USC00182325","DALECARLIA RESERVOIR, MD US","38.9385","-77.1134","45.7","2024-02-24","    2",",,7","0.20",",,7",,,,,,,"50",",,7","35",",,7","41",",,7,0800",,
"USC00182325","DALECARLIA RESERVOIR, MD US","38.9385","-77.1134","45.7","2024-02-25",,,,,"0.00",",,7,0800","0.0",",,7,0800","0.0",",,7,0800","51",",,7","24",",,7","28",",,7,0800",,
"USC00182325","DALECARLIA RESERVOIR, MD US","38.9385","-77.1134","45.7","2024-02-26",,,,,"0.08",",,7,0800","0.0",",,7,0800","0.0",",,7,0800","46",",,7","28",",,7","37",",,7,0800",,
"USC00182325","DALECARLIA RESERVOIR, MD US","38.9385","-77.1134","45.7","2024-02-27",,,,,"0.00",",,7,0800","0.0",",,7,0800","0.0",",,7,0800","67",",,7","28",",,7","39",",,7,0800",,
"USC00182325","DALECARLIA RESERVOIR, MD US","38.9385","-77.1134","45.7","2024-02-28",,,,,"0.00",",,7,0800","0.0",",,7,0800","0.0",",,7,0800","68",",,7","39",",,7","42",",,7,0800",,
"USC00182325","DALECARLIA RESERVOIR, MD US","38.9385","-77.1134","45.7","2024-02-29",,,,,"0.00",",,7,0800","0.0",",,7,0800","0.0",",,7,0800","67",",,7","28",",,7","33",",,7,0800",,
"USC00182325","DALECARLIA RESERVOIR, MD US","38.9385","-77.1134","45.7","2024-03-01",,,,,"0.00",",,7,0800","0.0",",,7,0800","0.0",",,7,0800","47",",,7","27",",,7","32",",,7,0800",,
"USC00182325","DALECARLIA RESERVOIR, MD US","38.9385","-77.1134","45.7","2024-03-02",,,,,"0.70",",,7,0800","0.0",",,7,0800","0.0",",,7,0800","52",",,7","32",",,7","44",",,7,0800",,
"USC00182325","DALECARLIA RESERVOIR, MD US","38.9385","-77.1134","45.7","2024-03-03",,,,,"0.08",",,7,0800","0.0",",,7,0800","0.0",",,7,0800","53",",,7","39",",,7","46",",,7,0800",,
"USC00182325","DALECARLIA RESERVOIR, MD US","38.9385","-77.1134","45.7","2024-03-04",,,,,"0.00",",,7,0800","0.0",",,7,0800","0.0",",,7,0800","65",",,7","46",",,7","48",",,7,0800",,
"USC00182325","DALECARLIA RESERVOIR, MD US","38.9385","-77.1134","45.7","2024-03-05",,,,,"0.00",",,7,0800","0.0",",,7,0800","0.0",",,7,0800","68",",,7","47",",,7","49",",,7,0800",,
"USC00182325","DALECARLIA RESERVOIR, MD US","38.9385","-77.1134","45.7","2024-03-06",,,,,"0.00",",,7,0800","0.0",",,7,0800","0.0",",,7,0800","57",",,7","48",",,7","50",",,7,0800",,
"USC00182325","DALECARLIA RESERVOIR, MD US","38.9385","-77.1134","45.7","2024-03-07",,,,,"0.08",",,7,0800","0.0",",,7,0800","0.0",",,7,0800","54",",,7","44",",,7","48",",,7,0800",,
"USC00182325","DALECARLIA RESERVOIR, MD US","38.9385","-77.1134","45.7","2024-03-08",,,,,"0.00",",,7,0800","0.0",",,7,0800","0.0",",,7,0800","62",",,7","42",",,7","48",",,7,0800",,
"USC00182325","DALECARLIA RESERVOIR, MD US","38.9385","-77.1134","45.7","2024-03-09",,,,,"0.20",",,7,0800","0.0",",,7,0800","0.0",",,7,0800","59",",,7","42",",,7","42",",,7,0800",,
"USC00182325","DALECARLIA RESERVOIR, MD US","38.9385","-77.1134","45.7","2024-03-10",,,,,"1.10",",,7,0800","0.0",",,7,0800","0.0",",,7,0800","59",",,7","42",",,7","44",",,7,0800",,
"USC00182325","DALECARLIA RESERVOIR, MD US","38.9385","-77.1134","45.7","2024-03-11",,,,,"0.00",",,7,0800","0.0",",,7,0800","0.0",",,7,0800","48",",,7","38",",,7","41",",,7,0800",,
"USC00182325","DALECARLIA RESERVOIR, MD US","38.9385","-77.1134","45.7","2024-03-12",,,,,"0.00",",,7,0800","0.0",",,7,0800","0.0",",,7,0800","55",",,7","38",",,7","48",",,7,0800",,
"USC00182325","DALECARLIA RESERVOIR, MD US","38.9385","-77.1134","45.7","2024-03-13",,,,,"0.00",",,7,0800","0.0",",,7,0800","0.0",",,7,0800","73",",,7","38",",,7","41",",,7,0800",,
"USC00182325","DALECARLIA RESERVOIR, MD US","38.9385","-77.1134","45.7","2024-03-14",,,,,"0.00",",,7,0800","0.0",",,7,0800","0.0",",,7,0800","73",",,7","41",",,7","43",",,7,0800",,
"USC00182325","DALECARLIA RESERVOIR, MD US","38.9385","-77.1134","45.7","2024-03-15",,,,,"0.00",",,7,0800","0.0",",,7,0800","0.0",",,7,0800","80",",,7","42",",,7","64",",,7,0800",,
"USC00182325","DALECARLIA RESERVOIR, MD US","38.9385","-77.1134","45.7","2024-03-16",,,,,"0.00",",,7,0800","0.0",",,7,0800","0.0",",,7,0800","74",",,7","45",",,7","47",",,7,0800",,
"USC00182325","DALECARLIA RESERVOIR, MD US","38.9385","-77.1134","45.7","2024-03-20","    4",",,7","0.00",",,7",,,"0.0",",,7,0800","0.0",",,7,0800","52",",,7","37",",,7","41",",,7,0800",,
"USC00182325","DALECARLIA RESERVOIR, MD US","38.9385","-77.1134","45.7","2024-03-21",,,,,"0.00",",,7,0800","0.0",",,7,0800","0.0",",,7,0800","68",",,7","31",",,7","32",",,7,0800",,
"USC00182325","DALECARLIA RESERVOIR, MD US","38.9385","-77.1134","45.7","2024-03-23","    2",",,7","1.00",",,7",,,"0.0",",,7,0800","0.0",",,7,0800","68",",,7","30",",,7","43",",,7,0800",,
"USC00182325","DALECARLIA RESERVOIR, MD US","38.9385","-77.1134","45.7","2024-03-24",,,,,"0.75",",,7,0800","0.0",",,7,0800","0.0",",,7,0800","52",",,7","30",",,7","35",",,7,0800",,
"USC00182325","DALECARLIA RESERVOIR, MD US","38.9385","-77.1134","45.7","2024-03-26","    2",",,7","0.00",",,7",,,"0.0",",,7,0800","0.0",",,7,0800","56",",,7","34",",,7","37",",,7,0800",,
"USC00182325","DALECARLIA RESERVOIR, MD US","38.9385","-77.1134","45.7","2024-03-27",,,,,"0.02",",,7,0800","0.0",",,7,0800","0.0",",,7,0800","60",",,7","34",",,7","46",",,7,0800",,
"USC00182325","DALECARLIA RESERVOIR, MD US","38.9385","-77.1134","45.7","2024-03-28",,,,,"0.90",",,7,0800","0.0",",,7,0800","0.0",",,7,0800","49",",,7","46",",,7","48",",,7,0800",,
"USC00182325","DALECARLIA RESERVOIR, MD US","38.9385","-77.1134","45.7","2024-03-29",,,,,"0.00",",,7,0800","0.0",",,7,0800","0.0",",,7,0800","53",",,7","34",",,7","38",",,7,0800",,
"USC00182325","DALECARLIA RESERVOIR, MD US","38.9385","-77.1134","45.7","2024-03-30",,,,,"0.00",",,7,0800","0.0",",,7,0800","0.0",",,7,0800","62",",,7","34",",,7","38",",,7,0800",,
"USC00182325","DALECARLIA RESERVOIR, MD US","38.9385","-77.1134","45.7","2024-03-31",,,,,"0.03",",,7,0800","0.0",",,7,0800","0.0",",,7,0800","63",",,7","38",",,7","46",",,7,0800",,
"USC00182325","DALECARLIA RESERVOIR, MD US","38.9385","-77.1134","45.7","2024-04-01",,,,,"0.09",",,7,0800","0.0",",,7,0800","0.0",",,7,0800","66",",,7","46",",,7","52",",,7,0800",,
"USC00182325","DALECARLIA RESERVOIR, MD US","38.9385","-77.1134","45.7","2024-04-02",,,,,"0.36",",,7,0800","0.0",",,7,0800","0.0",",,7,0800","66",",,7","46",",,7","50",",,7,0800",,
"USC00182325","DALECARLIA RESERVOIR, MD US","38.9385","-77.1134","45.7","2024-04-03",,,,,"0.04",",,7,0800","0.0",",,7,0800","0.0",",,7,0800","52",",,7","47",",,7","48",",,7,0800",,
"USC00182325","DALECARLIA RESERVOIR, MD US","38.9385","-77.1134","45.7","2024-04-05","    2",",,7","0.05",",,7",,,"0.0",",,7,0800","0.0",",,7,0800","56",",,7","37",",,7","42",",,7,0800",,
"USC00182325","DALECARLIA RESERVOIR, MD US","38.9385","-77.1134","45.7","2024-04-06",,,,,"0.00",",,7,0800","0.0",",,7,0800","0.0",",,7,0800","54",",,7","40",",,7","40",",,7,0800",,
"USC00182325","DALECARLIA RESERVOIR, MD US","38.9385","-77.1134","45.7","2024-04-07",,,,,"0.00",",,7,0800","0.0",",,7,0800","0.0",",,7,0800","55",",,7","36",",,7","47",",,7,0800",,
"USC00182325","DALECARLIA RESERVOIR, MD US","38.9385","-77.1134","45.7","2024-04-09","    2",",,7","0.00",",,7",,,"0.0",",,7,0800","0.0",",,7,0800","73",",,7","38",",,7","53",",,7,0800",,
"USC00182325","DALECARLIA RESERVOIR, MD US","38.9385","-77.1134","45.7","2024-04-10",,,,,"0.00",",,7,0800","0.0",",,7,0800","0.0",",,7,0800","78",",,7","32",",,7","68",",,7,0800",,
"USC00182325","DALECARLIA RESERVOIR, MD US","38.9385","-77.1134","45.7","2024-04-11",,,,,"0.00",",,7,0800","0.0",",,7,0800","0.0",",,7,0800","78",",,7","38",",,7","64",",,7,0800",,
"USC00182325","DALECARLIA RESERVOIR, MD US","38.9385","-77.1134","45.7","2024-04-13","    2",",,7","0.03",",,7",,,"0.0",",,7,0800","0.0",",,7,0800","71",",,7","53",",,7","55",",,7,0800",,
"USC00182325","DALECARLIA RESERVOIR, MD US","38.9385","-77.1134","45.7","2024-04-14",,,,,"0.00",",,7,0800","0.0",",,7,0800","0.0",",,7,0800","66",",,7","43",",,7","44",",,7,0800",,
"USC00182325","DALECARLIA RESERVOIR, MD US","38.9385","-77.1134","45.7","2024-04-15",,,,,"0.00",",,7,0800","0.0",",,7,0800","0.0",",,7,0800","83",",,7","43",",,7","60",",,7,0800",,
"USC00182325","DALECARLIA RESERVOIR, MD US","38.9385","-77.1134","45.7","2024-04-16",,,,,"0.00",",,7,0800","0.0",",,7,0800","0.0",",,7,0800","84",",,7","53",",,7","53",",,7,0800",,
"USC00182325","DALECARLIA RESERVOIR, MD US","38.9385","-77.1134","45.7","2024-04-17",,,,,"0.00",",,7,0800","0.0",",,7,0800","0.0",",,7,0800","76",",,7","50",",,7","60",",,7,0800",,
"USC00182325","DALECARLIA RESERVOIR, MD US","38.9385","-77.1134","45.7","2024-04-18",,,,,"0.00",",,7,0800","0.0",",,7,0800","0.0",",,7,0800","76",",,7","50",",,7","61",",,7,0800",,
"USC00182325","DALECARLIA RESERVOIR, MD US","38.9385","-77.1134","45.7","2024-04-23","    5",",,7","0.00",",,7",,,"0.0",",,7,0800","0.0",",,7,0800","63",",,7","36",",,7","40",",,7,0800",,
"USC00182325","DALECARLIA RESERVOIR, MD US","38.9385","-77.1134","45.7","2024-04-24",,,,,"0.00",",,7,0800","0.0",",,7,0800","0.0",",,7,0800","72",",,7","36",",,7","61",",,7,0800",,
"USC00182325","DALECARLIA RESERVOIR, MD US","38.9385","-77.1134","45.7","2024-04-25",,,,,"0.00",",,7,0800","0.0",",,7,0800","0.0",",,7,0800","73",",,7","50",",,7","50",",,7,0800",,
"USC00182325","DALECARLIA RESERVOIR, MD US","38.9385","-77.1134","45.7","2024-04-26",,,,,"0.00",",,7,0800","0.0",",,7,0800","0.0",",,7,0800","73",",,7","42",",,7","49",",,7,0800",,
"USC00182325","DALECARLIA RESERVOIR, MD US","38.9385","-77.1134","45.7","2024-04-27",,,,,"0.00",",,7,0800","0.0",",,7,0800","0.0",",,7,0800","73",",,7","42",",,7","52",",,7,0800",,
"USC00182325","DALECARLIA RESERVOIR, MD US","38.9385","-77.1134","45.7","2024-04-28",,,,,"0.00",",,7,0800","0.0",",,7,0800","0.0",",,7,0800","58",",,7","52",",,7","55",",,7,0800",,
"USC00182325","DALECARLIA RESERVOIR, MD US","38.9385","-77.1134","45.7","2024-04-29",,,,,"0.00",",,7,0800","0.0",",,7,0800","0.0",",,7,0800","75",",,7","55",",,7","75",",,7,0800",,
"USC00182325","DALECARLIA RESERVOIR, MD US","38.9385","-77.1134","45.7","2024-04-30",,,,,"0.00",",,7,0800","0.0",",,7,0800","0.0",",,7,0800","90",",,7","52",",,7","68",",,7,0800",,
"USC00182325","DALECARLIA RESERVOIR, MD US","38.9385","-77.1134","45.7","2024-05-01",,,,,"0.00",",,7,0800","0.0",",,7,0800","0.0",",,7,0800","90",",,7","52",",,7","63",",,7,0800",,
"USC00182325","DALECARLIA RESERVOIR, MD US","38.9385","-77.1134","45.7","2024-05-03","    2",",,7","0.00",",,7",,,"0.0",",,7,0800","0.0",",,7,0800","89",",,7","56",",,7","66",",,7,0800",,
"USC00182325","DALECARLIA RESERVOIR, MD US","38.9385","-77.1134","45.7","2024-05-04",,,,,"0.50",",,7,0800","0.0",",,7,0800","0.0",",,7,0800","73",",,7","50",",,7","51",",,7,0800",,
"USC00182325","DALECARLIA RESERVOIR, MD US","38.9385","-77.1134","45.7","2024-05-05",,,,,"0.78",",,7,0800","0.0",",,7,0800","0.0",",,7,0800","55",",,7","51",",,7","55",",,7,0800",,
"USC00182325","DALECARLIA RESERVOIR, MD US","38.9385","-77.1134","45.7","2024-05-06",,,,,"0.20",",,7,0800","0.0",",,7,0800","0.0",",,7,0800","70",",,7","55",",,7","67",",,7,0800",,
"USC00182325","DALECARLIA RESERVOIR, MD US","38.9385","-77.1134","45.7","2024-05-07",,,,,"0.04",",,7,0800","0.0",",,7,0800","0.0",",,7,0800","76",",,7","66",",,7","67",",,7,0800","    1",",,7"
"USC00182325","DALECARLIA RESERVOIR, MD US","38.9385","-77.1134","45.7","2024-05-08",,,,,"0.00",",,7,0800","0.0",",,7,0800","0.0",",,7,0800","79",",,7","66",",,7","69",",,7,0800",,
"USC00182325","DALECARLIA RESERVOIR, MD US","38.9385","-77.1134","45.7","2024-05-09",,,,,"0.00",",,7,0800","0.0",",,7,0800","0.0",",,7,0800","86",",,7","62",",,7","64",",,7,0800",,
"USC00182325","DALECARLIA RESERVOIR, MD US","38.9385","-77.1134","45.7","2024-05-10",,,,,"0.20",",,7,0800","0.0",",,7,0800","0.0",",,7,0800","72",",,7","57",",,7","59",",,7,0800",,
"USC00182325","DALECARLIA RESERVOIR, MD US","38.9385","-77.1134","45.7","2024-05-12","    2",",,7","0.84",",,7",,,"0.0",",,7,0800","0.0",",,7,0800","64",",,7","45",",,7","62",",,7,0800",,
"USC00182325","DALECARLIA RESERVOIR, MD US","38.9385","-77.1134","45.7","2024-05-13",,,,,"0.00",",,7,0800","0.0",",,7,0800","0.0",",,7,0800","66",",,7","52",",,7","53",",,7,0800",,
"USC00182325","DALECARLIA RESERVOIR, MD US","38.9385","-77.1134","45.7","2024-05-14",,,,,"0.00",",,7,0800","0.0",",,7,0800","0.0",",,7,0800","77",",,7","53",",,7","64",",,7,0800",,
"USC00182325","DALECARLIA RESERVOIR, MD US","38.9385","-77.1134","45.7","2024-05-15",,,,,"0.35",",,7,0800","0.0",",,7,0800","0.0",",,7,0800","77",",,7","54",",,7","60",",,7,0800",,
"USC00182325","DALECARLIA RESERVOIR, MD US","38.9385","-77.1134","45.7","2024-05-16",,,,,"0.09",",,7,0800","0.0",",,7,0800","0.0",",,7,0800","77",",,7","54",",,7","60",",,7,0800",,
"USC00182325","DALECARLIA RESERVOIR, MD US","38.9385","-77.1134","45.7","2024-05-18","    2",",,7","0.25",",,7",,,"0.0",",,7,0800","0.0",",,7,0800","68",",,7","58",",,7","60",",,7,0800",,
"USC00182325","DALECARLIA RESERVOIR, MD US","38.9385","-77.1134","45.7","2024-05-19",,,,,"0.00",",,7,0800","0.0",",,7,0800","0.0",",,7,0800","68",",,7","60",",,7","64",",,7,0800",,
"USC00182325","DALECARLIA RESERVOIR, MD US","38.9385","-77.1134","45.7","2024-05-20",,,,,"0.50",",,7,0800","0.0",",,7,0800","0.0",",,7,0800","78",",,7","58",",,7","67",",,7,0800",,
"USC00182325","DALECARLIA RESERVOIR, MD US","38.9385","-77.1134","45.7","2024-05-22","    2",",,7","0.00",",,7",,,"0.0",",,7,0800","0.0",",,7,0800","84",",,7","60",",,7","67",",,7,0800",,
"USC00182325","DALECARLIA RESERVOIR, MD US","38.9385","-77.1134","45.7","2024-05-23",,,,,"0.00",",,7,0800","0.0",",,7,0800","0.0",",,7,0800","89",",,7","59",",,7","72",",,7,0800",,
"USC00182325","DALECARLIA RESERVOIR, MD US","38.9385","-77.1134","45.7","2024-05-24",,,,,"0.00",",,7,0800","0.0",",,7,0800","0.0",",,7,0800","83",",,7","66",",,7","66",",,7,0800",,
"USC00182325","DALECARLIA RESERVOIR, MD US","38.9385","-77.1134","45.7","2024-05-25",,,,,"0.00",",,7,0800","0.0",",,7,0800","0.0",",,7,0800","86",",,7","64",",,7","65",",,7,0800",,
"USC00182325","DALECARLIA RESERVOIR, MD US","38.9385","-77.1134","45.7","2024-05-26",,,,,"0.00",",,7,0800","0.0",",,7,0800","0.0",",,7,0800","88",",,7","64",",,7","67",",,7,0800",,
"USC00182325","DALECARLIA RESERVOIR, MD US","38.9385","-77.1134","45.7","2024-05-27",,,,,"0.00",",,7,0800","0.0",",,7,0800","0.0",",,7,0800","87",",,7","66",",,7","67",",,7,0800",,
"USC00182325","DALECARLIA RESERVOIR, MD US","38.9385","-77.1134","45.7","2024-05-28",,,,,,,"0.0",",,7,0800","0.0",",,7,0800",,,,,,,,
"USC00182325","DALECARLIA RESERVOIR, MD US","38.9385","-77.1134","45.7","2024-05-29",,,,,,,"0.0",",,7,0800","0.0",",,7,0800",,,,,,,,
"USC00182325","DALECARLIA RESERVOIR, MD US","38.9385","-77.1134","45.7","2024-05-30",,,,,,,"0.0",",,7,0800","0.0",",,7,0800",,,,,,,,
"USC00182325","DALECARLIA RESERVOIR, MD US","38.9385","-77.1134","45.7","2024-05-31",,,,,,,"0.0",",,7,0800","0.0",",,7,0800",,,,,,,,
"USC00182325","DALECARLIA RESERVOIR, MD US","38.9385","-77.1134","45.7","2024-06-01",,,,,"0.00",",,7,0800","0.0",",,7,0800","0.0",",,7,0800","75",",,7","51",",,7","61",",,7,0800",,
"USC00182325","DALECARLIA RESERVOIR, MD US","38.9385","-77.1134","45.7","2024-06-02",,,,,"0.00",",,7,0800","0.0",",,7,0800","0.0",",,7,0800","83",",,7","51",",,7","65",",,7,0800",,
"USC00182325","DALECARLIA RESERVOIR, MD US","38.9385","-77.1134","45.7","2024-06-03",,,,,"0.38",",,7,0800","0.0",",,7,0800","0.0",",,7,0800","84",",,7","51",",,7","74",",,7,0800",,
"USC00182325","DALECARLIA RESERVOIR, MD US","38.9385","-77.1134","45.7","2024-06-04",,,,,"0.02",",,7,0800","0.0",",,7,0800","0.0",",,7,0800","84",",,7","51",",,7","67",",,7,0800",,
"USC00182325","DALECARLIA RESERVOIR, MD US","38.9385","-77.1134","45.7","2024-06-05",,,,,"0.00",",,7,0800","0.0",",,7,0800","0.0",",,7,0800","90",",,7","51",",,7","73",",,7,0800",,
"USC00182325","DALECARLIA RESERVOIR, MD US","38.9385","-77.1134","45.7","2024-06-06",,,,,"0.43",",,7,0800","0.0",",,7,0800","0.0",",,7,0800","82",",,7","73",",,7","75",",,7,0800",,
"USC00182325","DALECARLIA RESERVOIR, MD US","38.9385","-77.1134","45.7","2024-06-07",,,,,,,"0.0",",,7,0800","0.0",",,7,0800",,,,,,,,
"USC00182325","DALECARLIA RESERVOIR, MD US","38.9385","-77.1134","45.7","2024-06-08","    2",",,7","0.00",",,7",,,"0.0",",,7,0800","0.0",",,7,0800","84",",,7","58",",,7","59",",,7,0800",,
"USC00182325","DALECARLIA RESERVOIR, MD US","38.9385","-77.1134","45.7","2024-06-09",,,,,"0.00",",,7,0800","0.0",",,7,0800","0.0",",,7,0800","83",",,7","59",",,7","70",",,7,0800",,
"USC00182325","DALECARLIA RESERVOIR, MD US","38.9385","-77.1134","45.7","2024-06-10",,,,,"0.00",",,7,0800","0.0",",,7,0800","0.0",",,7,0800","82",",,7","59",",,7","64",",,7,0800",,
"USC00182325","DALECARLIA RESERVOIR, MD US","38.9385","-77.1134","45.7","2024-06-11",,,,,,,"0.0",",,7,0800","0.0",",,7,0800",,,,,,,,
"USC00182325","DALECARLIA RESERVOIR, MD US","38.9385","-77.1134","45.7","2024-06-12",,,,,,,"0.0",",,7,0800","0.0",",,7,0800",,,,,,,,
"USC00182325","DALECARLIA RESERVOIR, MD US","38.9385","-77.1134","45.7","2024-06-13",,,,,,,"0.0",",,7,0800","0.0",",,7,0800",,,,,,,,
"USC00182325","DALECARLIA RESERVOIR, MD US","38.9385","-77.1134","45.7","2024-06-14","    4",",,7","0.00",",,7",,,"0.0",",,7,0800","0.0",",,7,0800","90",",,7","70",",,7","76",",,7,0800",,
"USC00182325","DALECARLIA RESERVOIR, MD US","38.9385","-77.1134","45.7","2024-06-15",,,,,"0.10",",,7,0800","0.0",",,7,0800","0.0",",,7,0800","90",",,7","64",",,7","90",",,7,0800",,
"USC00182325","DALECARLIA RESERVOIR, MD US","38.9385","-77.1134","45.7","2024-06-16",,,,,"0.00",",,7,0800","0.0",",,7,0800","0.0",",,7,0800","90",",,7","65",",,7","65",",,7,0800",,
"USC00182325","DALECARLIA RESERVOIR, MD US","38.9385","-77.1134","45.7","2024-06-17",,,,,,,"0.0",",,7,0800","0.0",",,7,0800",,,,,,,,
"USC00182325","DALECARLIA RESERVOIR, MD US","38.9385","-77.1134","45.7","2024-06-18",,,,,,,"0.0",",,7,0800","0.0",",,7,0800",,,,,,,,
"USC00182325","DALECARLIA RESERVOIR, MD US","38.9385","-77.1134","45.7","2024-06-19","    3",",,7","0.00",",,7",,,"0.0",",,7,0800","0.0",",,7,0800","92",",,7","59",",,7","74",",,7,0800",,
"USC00182325","DALECARLIA RESERVOIR, MD US","38.9385","-77.1134","45.7","2024-06-20",,,,,"0.00",",,7,0800","0.0",",,7,0800","0.0",",,7,0800","91",",,7","69",",,7","76",",,7,0800",,
"USC00182325","DALECARLIA RESERVOIR, MD US","38.9385","-77.1134","45.7","2024-06-21",,,,,"0.00",",,7,0800","0.0",",,7,0800","0.0",",,7,0800","91",",,7","70",",,7","77",",,7,0800",,
"USC00182325","DALECARLIA RESERVOIR, MD US","38.9385","-77.1134","45.7","2024-06-22",,,,,"0.00",",,7,0800","0.0",",,7,0800","0.0",",,7,0800","96",",,7","75",",,7","80",",,7,0800",,
"USC00182325","DALECARLIA RESERVOIR, MD US","38.9385","-77.1134","45.7","2024-06-23",,,,,"0.00",",,7,0800","0.0",",,7,0800","0.0",",,7,0800","99",",,7","80",",,7","83",",,7,0800",,
"USC00182325","DALECARLIA RESERVOIR, MD US","38.9385","-77.1134","45.7","2024-06-24",,,,,"0.00",",,7,0800","0.0",",,7,0800","0.0",",,7,0800","96",",,7","78",",,7","79",",,7,0800",,
"USC00182325","DALECARLIA RESERVOIR, MD US","38.9385","-77.1134","45.7","2024-06-25",,,,,,,"0.0",",,7,0800","0.0",",,7,0800",,,,,,,,
"USC00182325","DALECARLIA RESERVOIR, MD US","38.9385","-77.1134","45.7","2024-06-26","    2",",,7","0.00",",,7",,,"0.0",",,7,0800","0.0",",,7,0800","96",",,7","62",",,7","81",",,7,0800",,
"USC00182325","DALECARLIA RESERVOIR, MD US","38.9385","-77.1134","45.7","2024-06-27",,,,,"0.30",",,7,0800","0.0",",,7,0800","0.0",",,7,0800","98",",,7","72",",,7","72",",,7,0800",,
"USC00182325","DALECARLIA RESERVOIR, MD US","38.9385","-77.1134","45.7","2024-06-28",,,,,"0.00",",,7,0800","0.0",",,7,0800","0.0",",,7,0800","98",",,7","69",",,7","70",",,7,0800",,
"USC00182325","DALECARLIA RESERVOIR, MD US","38.9385","-77.1134","45.7","2024-06-29",,,,,"0.00",",,7,0800","0.0",",,7,0800","0.0",",,7,0800","84",",,7","70",",,7","72",",,7,0800",,
"USC00182325","DALECARLIA RESERVOIR, MD US","38.9385","-77.1134","45.7","2024-06-30",,,,,"0.00",",,7,0800","0.0",",,7,0800","0.0",",,7,0800","92",",,7","72",",,7","72",",,7,0800",,
"USC00182325","DALECARLIA RESERVOIR, MD US","38.9385","-77.1134","45.7","2024-07-01",,,,,,,"0.0",",,7,0800","0.0",",,7,0800",,,,,,,,
"USC00182325","DALECARLIA RESERVOIR, MD US","38.9385","-77.1134","45.7","2024-07-02","    2",",,7","0.00",",,7",,,"0.0",",,7,0800","0.0",",,7,0800","79",",,7","59",",,7","79",",,7,0800",,
"USC00182325","DALECARLIA RESERVOIR, MD US","38.9385","-77.1134","45.7","2024-07-03",,,,,,,"0.0",",,7,0800","0.0",",,7,0800",,,,,,,,
"USC00182325","DALECARLIA RESERVOIR, MD US","38.9385","-77.1134","45.7","2024-07-04",,,,,,,"0.0",",,7,0800","0.0",",,7,0800",,,,,,,,
"USC00182325","DALECARLIA RESERVOIR, MD US","38.9385","-77.1134","45.7","2024-07-05","    3",",,7","0.00",",,7",,,"0.0",",,7,0800","0.0",",,7,0800","93",",,7","76",",,7","78",",,7,0800",,
"USC00182325","DALECARLIA RESERVOIR, MD US","38.9385","-77.1134","45.7","2024-07-06",,,,,"0.00",",,7,0800","0.0",",,7,0800","0.0",",,7,0800","100",",,7","78",",,7","82",",,7,0800",,
"USC00182325","DALECARLIA RESERVOIR, MD US","38.9385","-77.1134","45.7","2024-07-07",,,,,,,"0.0",",,7,0800","0.0",",,7,0800",,,,,,,,
"USC00182325","DALECARLIA RESERVOIR, MD US","38.9385","-77.1134","45.7","2024-07-08","    2",",,7","0.00",",,7",,,"0.0",",,7,0800","0.0",",,7,0800","100",",,7","73",",,7","80",",,7,0800",,
"USC00182325","DALECARLIA RESERVOIR, MD US","38.9385","-77.1134","45.7","2024-07-10","    2",",,7","0.00",",,7",,,"0.0",",,7,0800","0.0",",,7,0800","99",",,7","73",",,7","82",",,7,0800",,
"USC00182325","DALECARLIA RESERVOIR, MD US","38.9385","-77.1134","45.7","2024-07-14","    4",",,7","0.00",",,7",,,"0.0",",,7,0800","0.0",",,7,0800","93",",,7","75",",,7","80",",,7,0800",,
"USC00182325","DALECARLIA RESERVOIR, MD US","38.9385","-77.1134","45.7","2024-07-15",,,,,"0.00",",,7,0800","0.0",",,7,0800","0.0",",,7,0800","96",",,7","75",",,7","79",",,7,0800",,
"USC00182325","DALECARLIA RESERVOIR, MD US","38.9385","-77.1134","45.7","2024-07-17","    2",",,7","0.00",",,7",,,"0.0",",,7,0800","0.0",",,7,0800","101",",,7","77",",,7","80",",,7,0800",,
"USC00182325","DALECARLIA RESERVOIR, MD US","38.9385","-77.1134","45.7","2024-07-19","    2",",,7","0.00",",,7",,,"0.0",",,7,0800","0.0",",,7,0800","85",",,7","70",",,7","73",",,7,0800",,
"USC00182325","DALECARLIA RESERVOIR, MD US","38.9385","-77.1134","45.7","2024-07-20",,,,,"0.00",",,7,0800","0.0",",,7,0800","0.0",",,7,0800","88",",,7","73",",,7","75",",,7,0800",,
"USC00182325","DALECARLIA RESERVOIR, MD US","38.9385","-77.1134","45.7","2024-07-21",,,,,"0.00",",,7,0800","0.0",",,7,0800","0.0",",,7,0800","85",",,7","69",",,7","72",",,7,0800",,
"USC00182325","DALECARLIA RESERVOIR, MD US","38.9385","-77.1134","45.7","2024-07-22",,,,,"0.00",",,7,0800","0.0",",,7,0800","0.0",",,7,0800","93",",,7","69",",,7","77",",,7,0800",,
